// kommuner.js
// Komplett liste over norske kommuner med kommunenummer og navn

const kommuner = [
  { nr: "0301", navn: "Oslo" },
  { nr: "1101", navn: "Eigersund" },
  { nr: "1103", navn: "Stavanger" },
  { nr: "1106", navn: "Haugesund" },
  { nr: "1108", navn: "Sandnes" },
  { nr: "1111", navn: "Sokndal" },
  { nr: "1112", navn: "Lund" },
  { nr: "1114", navn: "Bjerkreim" },
  { nr: "1119", navn: "Hå" },
  { nr: "1120", navn: "Klepp" },
  { nr: "1121", navn: "Time" },
  { nr: "1122", navn: "Gjesdal" },
  { nr: "1124", navn: "Sola" },
  { nr: "1127", navn: "Randaberg" },
  { nr: "1130", navn: "Strand" },
  { nr: "1133", navn: "Hjelmeland" },
  { nr: "1134", navn: "Suldal" },
  { nr: "1135", navn: "Sauda" },
  { nr: "1144", navn: "Kvitsøy" },
  { nr: "1145", navn: "Bokn" },
  { nr: "1146", navn: "Tysvær" },
  { nr: "1149", navn: "Karmøy" },
  { nr: "1151", navn: "Utsira" },
  { nr: "1160", navn: "Vindafjord" },

  // Vestland
  { nr: "4601", navn: "Bergen" },
  { nr: "4602", navn: "Kinn" },
  { nr: "4611", navn: "Etne" },
  { nr: "4612", navn: "Sveio" },
  { nr: "4613", navn: "Bømlo" },
  { nr: "4614", navn: "Stord" },
  { nr: "4615", navn: "Fitjar" },
  { nr: "4616", navn: "Tysnes" },
  { nr: "4617", navn: "Kvinnherad" },
  { nr: "4618", navn: "Ullensvang" },
  { nr: "4619", navn: "Eidfjord" },
  { nr: "4620", navn: "Ulvik" },
  { nr: "4621", navn: "Voss" },
  { nr: "4622", navn: "Kvam" },
  { nr: "4623", navn: "Samnanger" },
  { nr: "4624", navn: "Bjørnafjorden" },
  { nr: "4625", navn: "Austevoll" },
  { nr: "4626", navn: "Øygarden" },
  { nr: "4627", navn: "Askøy" },
  { nr: "4628", navn: "Vaksdal" },
  { nr: "4629", navn: "Modalen" },
  { nr: "4630", navn: "Osterøy" },
  { nr: "4631", navn: "Alver" },
  { nr: "4632", navn: "Austrheim" },
  { nr: "4633", navn: "Fedje" },
  { nr: "4634", navn: "Masfjorden" },

  // Møre og Romsdal (din hjemmebane)
  { nr: "1505", navn: "Kristiansund" },
  { nr: "1506", navn: "Molde" },
  { nr: "1507", navn: "Ålesund" },
  { nr: "1511", navn: "Vanylven" },
  { nr: "1514", navn: "Sande" },
  { nr: "1515", navn: "Herøy" },
  { nr: "1516", navn: "Ulstein" },
  { nr: "1517", navn: "Hareid" },
  { nr: "1520", navn: "Ørsta" },
  { nr: "1525", navn: "Stranda" },
  { nr: "1528", navn: "Sykkylven" },
  { nr: "1531", navn: "Sula" },
  { nr: "1532", navn: "Giske" },
  { nr: "1535", navn: "Vestnes" },
  { nr: "1539", navn: "Rauma" },
  { nr: "1547", navn: "Aukra" },
  { nr: "1554", navn: "Averøy" },
  { nr: "1557", navn: "Gjemnes" },
  { nr: "1560", navn: "Tingvoll" },
  { nr: "1563", navn: "Sunndal" },
  { nr: "1566", navn: "Surnadal" },
  { nr: "1573", navn: "Smøla" },
  { nr: "1576", navn: "Aure" },

  // Trøndelag
  { nr: "5001", navn: "Trondheim" },
  { nr: "5006", navn: "Steinkjer" },
  { nr: "5007", navn: "Namsos" },
  { nr: "5014", navn: "Frøya" },
  { nr: "5020", navn: "Osen" },
  { nr: "5021", navn: "Oppdal" },
  { nr: "5022", navn: "Rennebu" },
  { nr: "5025", navn: "Røros" },
  { nr: "5026", navn: "Holtålen" },
  { nr: "5027", navn: "Midtre Gauldal" },
  { nr: "5028", navn: "Melhus" },
  { nr: "5029", navn: "Skaun" },
  { nr: "5031", navn: "Malvik" },
  { nr: "5032", navn: "Selbu" },
  { nr: "5033", navn: "Tydal" },
  { nr: "5034", navn: "Meråker" },
  { nr: "5035", navn: "Stjørdal" },
  { nr: "5036", navn: "Frosta" },
  { nr: "5037", navn: "Levanger" },
  { nr: "5038", navn: "Verdal" },
  { nr: "5041", navn: "Snåsa" },
  { nr: "5042", navn: "Lierne" },
  { nr: "5043", navn: "Røyrvik" },
  { nr: "5044", navn: "Namsskogan" },
  { nr: "5045", navn: "Grong" },
  { nr: "5046", navn: "Høylandet" },
  { nr: "5047", navn: "Overhalla" },
  { nr: "5049", navn: "Flatanger" },
  { nr: "5052", navn: "Leka" },
  { nr: "5053", navn: "Inderøy" },
  { nr: "5054", navn: "Indre Fosen" },
  { nr: "5055", navn: "Heim" },
  { nr: "5056", navn: "Hitra" },
  { nr: "5057", navn: "Ørland" },
  { nr: "5058", navn: "Åfjord" },
  { nr: "5059", navn: "Orkland" },
  { nr: "5060", navn: "Nærøysund" },
  { nr: "5061", navn: "Rindal" }
];

export default kommuner;